channel_id,user_id,message_time,message_id
eaacc5c5b477826600c5fff519c4d3cb,6613cf58d65e4bdaf099436f6d3d536d,2021-09-18T02:35:23Z,1
e9457f9288e1e36f0ab8636ebe6347e2,7709f636779832e319bd0696756238b7,2021-09-20T13:12:17Z,2
e9457f9288e1e36f0ab8636ebe6347e2,7709f636779832e319bd0696756238b7,2021-09-20T13:13:16Z,3
708a314ed284c5748111998d10a583c9,fcd00f6230686a991d73284c65059b96,2021-09-20T16:20:21Z,4
708a314ed284c5748111998d10a583c9,fcd00f6230686a991d73284c65059b96,2021-09-20T16:21:23Z,5
eaacc5c5b477826600c5fff519c4d3cb,5124e374e147342fc9cad88a5a5eec7c,2021-09-20T18:09:54Z,6
98bc9047bacb18d29276281cbbc85d48,5124e374e147342fc9cad88a5a5eec7c,2021-09-20T18:55:09Z,7
34875eb494a98a4eadd5e7e35cfe24bf,7709f636779832e319bd0696756238b7,2021-09-20T18:56:16Z,8
8e2c979f620ff43e7ce076ee142f3c10,b4c4150b0c486a8388051480c7543ca3,2021-09-20T19:03:15Z,9
8e2c979f620ff43e7ce076ee142f3c10,b4c4150b0c486a8388051480c7543ca3,2021-09-20T19:03:30Z,10
6e2da7c6d52556a576a4b4219fecfbdd,acd61011ebe2ecbb4fe8c2ebccf14e76,2021-09-20T19:04:57Z,11
6e2da7c6d52556a576a4b4219fecfbdd,acd61011ebe2ecbb4fe8c2ebccf14e76,2021-09-20T19:12:46Z,12
7af65c2e259c9db81599fb06deea4303,2b0e80513d3e870d300459ed0efce1c7,2021-09-20T19:58:28Z,13
8e2c979f620ff43e7ce076ee142f3c10,7709f636779832e319bd0696756238b7,2021-09-20T20:24:10Z,14
708a314ed284c5748111998d10a583c9,5124e374e147342fc9cad88a5a5eec7c,2021-09-20T20:24:37Z,15
6e2da7c6d52556a576a4b4219fecfbdd,5124e374e147342fc9cad88a5a5eec7c,2021-09-20T20:47:19Z,16
6e2da7c6d52556a576a4b4219fecfbdd,acd61011ebe2ecbb4fe8c2ebccf14e76,2021-09-20T20:55:39Z,17
8e2c979f620ff43e7ce076ee142f3c10,b4c4150b0c486a8388051480c7543ca3,2021-09-20T21:28:24Z,18
7af65c2e259c9db81599fb06deea4303,5124e374e147342fc9cad88a5a5eec7c,2021-09-20T21:49:01Z,19
7af65c2e259c9db81599fb06deea4303,2b0e80513d3e870d300459ed0efce1c7,2021-09-21T00:10:34Z,20
7af65c2e259c9db81599fb06deea4303,2b0e80513d3e870d300459ed0efce1c7,2021-09-21T00:11:30Z,21
7af65c2e259c9db81599fb06deea4303,2b0e80513d3e870d300459ed0efce1c7,2021-09-21T00:11:44Z,22
7af65c2e259c9db81599fb06deea4303,2b0e80513d3e870d300459ed0efce1c7,2021-09-21T00:12:19Z,23
6e2da7c6d52556a576a4b4219fecfbdd,5124e374e147342fc9cad88a5a5eec7c,2021-09-21T12:48:58Z,24
34875eb494a98a4eadd5e7e35cfe24bf,c8df868169c9dda5dfa80aced3e6b0e8,2021-09-21T12:55:40Z,25
6e2da7c6d52556a576a4b4219fecfbdd,5124e374e147342fc9cad88a5a5eec7c,2021-09-21T12:56:09Z,26
34875eb494a98a4eadd5e7e35cfe24bf,7709f636779832e319bd0696756238b7,2021-09-21T12:59:12Z,27
7af65c2e259c9db81599fb06deea4303,5124e374e147342fc9cad88a5a5eec7c,2021-09-21T15:56:02Z,28
7af65c2e259c9db81599fb06deea4303,2b0e80513d3e870d300459ed0efce1c7,2021-09-21T16:28:06Z,29
7af65c2e259c9db81599fb06deea4303,5124e374e147342fc9cad88a5a5eec7c,2021-09-21T16:49:15Z,30
9a1611f6250db14776f1bde1c6972937,7709f636779832e319bd0696756238b7,2021-09-21T16:51:42Z,31
02a4c88a4906ee54ad3b0296124c6065,4987f83756a331f178e1aa7877154694,2021-09-21T18:25:22Z,32
02a4c88a4906ee54ad3b0296124c6065,4987f83756a331f178e1aa7877154694,2021-09-21T18:32:57Z,33
02a4c88a4906ee54ad3b0296124c6065,7709f636779832e319bd0696756238b7,2021-09-21T19:19:52Z,34
02a4c88a4906ee54ad3b0296124c6065,7709f636779832e319bd0696756238b7,2021-09-21T19:23:57Z,35
02a4c88a4906ee54ad3b0296124c6065,4987f83756a331f178e1aa7877154694,2021-09-21T19:45:39Z,36
02a4c88a4906ee54ad3b0296124c6065,4987f83756a331f178e1aa7877154694,2021-09-21T19:46:01Z,37
02a4c88a4906ee54ad3b0296124c6065,4987f83756a331f178e1aa7877154694,2021-09-21T19:46:44Z,38
ef8989dec5df66d5f422bfa182cf6832,b78b34a231784915c9f47f8183d8f5f6,2021-09-21T20:21:00Z,39
eaacc5c5b477826600c5fff519c4d3cb,6613cf58d65e4bdaf099436f6d3d536d,2021-09-21T20:32:11Z,40
eaacc5c5b477826600c5fff519c4d3cb,6613cf58d65e4bdaf099436f6d3d536d,2021-09-21T20:32:37Z,41
a6059dc962db4345b6261978e6b033c4,7709f636779832e319bd0696756238b7,2021-09-21T20:39:05Z,42
02a4c88a4906ee54ad3b0296124c6065,7709f636779832e319bd0696756238b7,2021-09-21T21:39:34Z,43
ef8989dec5df66d5f422bfa182cf6832,7709f636779832e319bd0696756238b7,2021-09-21T21:42:31Z,44
9a67f335c5776c05eff135a7afaca7a7,7709f636779832e319bd0696756238b7,2021-09-21T22:31:32Z,45
ef8989dec5df66d5f422bfa182cf6832,b78b34a231784915c9f47f8183d8f5f6,2021-09-21T22:36:06Z,46
9a67f335c5776c05eff135a7afaca7a7,7709f636779832e319bd0696756238b7,2021-09-21T22:39:59Z,47
ef8989dec5df66d5f422bfa182cf6832,7709f636779832e319bd0696756238b7,2021-09-21T22:53:44Z,48
ef8989dec5df66d5f422bfa182cf6832,b78b34a231784915c9f47f8183d8f5f6,2021-09-21T22:55:05Z,49
cb0bb863cf887bf445401bf12ff2009b,7709f636779832e319bd0696756238b7,2021-09-22T12:18:31Z,50
cb0bb863cf887bf445401bf12ff2009b,7709f636779832e319bd0696756238b7,2021-09-22T12:23:58Z,51
cb0bb863cf887bf445401bf12ff2009b,7709f636779832e319bd0696756238b7,2021-09-22T12:30:13Z,52
eaacc5c5b477826600c5fff519c4d3cb,6613cf58d65e4bdaf099436f6d3d536d,2021-09-22T13:10:18Z,53
eaacc5c5b477826600c5fff519c4d3cb,5124e374e147342fc9cad88a5a5eec7c,2021-09-22T13:31:20Z,54
eaacc5c5b477826600c5fff519c4d3cb,5124e374e147342fc9cad88a5a5eec7c,2021-09-22T13:31:31Z,55
eaacc5c5b477826600c5fff519c4d3cb,6613cf58d65e4bdaf099436f6d3d536d,2021-09-22T13:44:29Z,56
eaacc5c5b477826600c5fff519c4d3cb,6613cf58d65e4bdaf099436f6d3d536d,2021-09-22T13:44:50Z,57
eaacc5c5b477826600c5fff519c4d3cb,6613cf58d65e4bdaf099436f6d3d536d,2021-09-22T13:45:25Z,58
eaacc5c5b477826600c5fff519c4d3cb,6613cf58d65e4bdaf099436f6d3d536d,2021-09-22T13:45:46Z,59
eaacc5c5b477826600c5fff519c4d3cb,6613cf58d65e4bdaf099436f6d3d536d,2021-09-22T13:45:58Z,60
eaacc5c5b477826600c5fff519c4d3cb,6613cf58d65e4bdaf099436f6d3d536d,2021-09-22T13:46:12Z,61
eaacc5c5b477826600c5fff519c4d3cb,6613cf58d65e4bdaf099436f6d3d536d,2021-09-22T13:46:17Z,62
eaacc5c5b477826600c5fff519c4d3cb,5124e374e147342fc9cad88a5a5eec7c,2021-09-22T14:47:40Z,63
cb0bb863cf887bf445401bf12ff2009b,8a3038afd5522a4673337591672c6d94,2021-09-22T15:03:17Z,64
02a4c88a4906ee54ad3b0296124c6065,4987f83756a331f178e1aa7877154694,2021-09-22T16:37:51Z,65
7af65c2e259c9db81599fb06deea4303,5124e374e147342fc9cad88a5a5eec7c,2021-09-22T18:40:20Z,66
7af65c2e259c9db81599fb06deea4303,2b0e80513d3e870d300459ed0efce1c7,2021-09-22T19:04:55Z,67
7af65c2e259c9db81599fb06deea4303,5124e374e147342fc9cad88a5a5eec7c,2021-09-22T20:33:19Z,68
ef8989dec5df66d5f422bfa182cf6832,7709f636779832e319bd0696756238b7,2021-09-22T20:46:53Z,69
4ec72ed3e99809507416e37a83705932,366ec10afd90b1434e55d9f42786195c,2021-09-23T12:42:00Z,70
cb0bb863cf887bf445401bf12ff2009b,7709f636779832e319bd0696756238b7,2021-09-23T12:58:07Z,71
9a67f335c5776c05eff135a7afaca7a7,7709f636779832e319bd0696756238b7,2021-09-23T17:25:49Z,72
6affa2ce2e0eb068fda023dc469d950f,5124e374e147342fc9cad88a5a5eec7c,2021-09-23T17:46:59Z,73
6affa2ce2e0eb068fda023dc469d950f,3a6421e737374430873c120ded6e9e5c,2021-09-23T18:03:17Z,74
e9457f9288e1e36f0ab8636ebe6347e2,34913127c8ff7e355f299b7a886ce47e,2021-09-23T19:31:40Z,75
e9457f9288e1e36f0ab8636ebe6347e2,34913127c8ff7e355f299b7a886ce47e,2021-09-23T19:33:09Z,76
e9457f9288e1e36f0ab8636ebe6347e2,34913127c8ff7e355f299b7a886ce47e,2021-09-23T19:33:54Z,77
e9457f9288e1e36f0ab8636ebe6347e2,34913127c8ff7e355f299b7a886ce47e,2021-09-23T19:33:58Z,78
e9457f9288e1e36f0ab8636ebe6347e2,7709f636779832e319bd0696756238b7,2021-09-23T20:03:43Z,79
4ec72ed3e99809507416e37a83705932,7709f636779832e319bd0696756238b7,2021-09-23T20:21:32Z,80
cb0bb863cf887bf445401bf12ff2009b,8a3038afd5522a4673337591672c6d94,2021-09-23T20:35:18Z,81
cb0bb863cf887bf445401bf12ff2009b,7709f636779832e319bd0696756238b7,2021-09-23T20:56:36Z,82
4ec72ed3e99809507416e37a83705932,366ec10afd90b1434e55d9f42786195c,2021-09-23T21:38:55Z,83
4ec72ed3e99809507416e37a83705932,366ec10afd90b1434e55d9f42786195c,2021-09-23T21:39:28Z,84
6e2da7c6d52556a576a4b4219fecfbdd,acd61011ebe2ecbb4fe8c2ebccf14e76,2021-09-23T21:59:37Z,85
6e2da7c6d52556a576a4b4219fecfbdd,acd61011ebe2ecbb4fe8c2ebccf14e76,2021-09-23T21:59:38Z,86
4ec72ed3e99809507416e37a83705932,7709f636779832e319bd0696756238b7,2021-09-23T23:17:27Z,87
9a1611f6250db14776f1bde1c6972937,7680ea538086b43ca6b0ec37c7e62acf,2021-09-23T23:38:57Z,88
9a1611f6250db14776f1bde1c6972937,7709f636779832e319bd0696756238b7,2021-09-23T23:48:45Z,89
cb0bb863cf887bf445401bf12ff2009b,8a3038afd5522a4673337591672c6d94,2021-09-23T23:49:38Z,90
cb0bb863cf887bf445401bf12ff2009b,8a3038afd5522a4673337591672c6d94,2021-09-23T23:50:37Z,91
cb0bb863cf887bf445401bf12ff2009b,8a3038afd5522a4673337591672c6d94,2021-09-23T23:52:28Z,92
9a1611f6250db14776f1bde1c6972937,7680ea538086b43ca6b0ec37c7e62acf,2021-09-23T23:54:21Z,93
9a1611f6250db14776f1bde1c6972937,7680ea538086b43ca6b0ec37c7e62acf,2021-09-24T00:06:25Z,94
9a1611f6250db14776f1bde1c6972937,7709f636779832e319bd0696756238b7,2021-09-24T00:06:26Z,95
9a1611f6250db14776f1bde1c6972937,7680ea538086b43ca6b0ec37c7e62acf,2021-09-24T00:07:41Z,96
4ec72ed3e99809507416e37a83705932,366ec10afd90b1434e55d9f42786195c,2021-09-24T01:15:19Z,97
cb0bb863cf887bf445401bf12ff2009b,7709f636779832e319bd0696756238b7,2021-09-24T12:52:13Z,98
6e2da7c6d52556a576a4b4219fecfbdd,5124e374e147342fc9cad88a5a5eec7c,2021-09-24T13:09:34Z,99
cb0bb863cf887bf445401bf12ff2009b,8a3038afd5522a4673337591672c6d94,2021-09-24T15:55:25Z,100
708a314ed284c5748111998d10a583c9,5124e374e147342fc9cad88a5a5eec7c,2021-09-24T16:07:55Z,101
4ec72ed3e99809507416e37a83705932,7709f636779832e319bd0696756238b7,2021-09-24T16:59:15Z,102
4ec72ed3e99809507416e37a83705932,366ec10afd90b1434e55d9f42786195c,2021-09-24T18:18:47Z,103
4ec72ed3e99809507416e37a83705932,7709f636779832e319bd0696756238b7,2021-09-24T18:21:14Z,104
9a1611f6250db14776f1bde1c6972937,7709f636779832e319bd0696756238b7,2021-09-24T20:12:29Z,105
a1d61ef931b974feacd184cfe62c41ad,7709f636779832e319bd0696756238b7,2021-09-24T21:27:33Z,106
9a1611f6250db14776f1bde1c6972937,7680ea538086b43ca6b0ec37c7e62acf,2021-09-24T23:01:52Z,107
9a1611f6250db14776f1bde1c6972937,7709f636779832e319bd0696756238b7,2021-09-24T23:41:12Z,108
9a1611f6250db14776f1bde1c6972937,7680ea538086b43ca6b0ec37c7e62acf,2021-09-25T21:56:30Z,109
9a1611f6250db14776f1bde1c6972937,7680ea538086b43ca6b0ec37c7e62acf,2021-09-25T21:59:39Z,110
6e2da7c6d52556a576a4b4219fecfbdd,acd61011ebe2ecbb4fe8c2ebccf14e76,2021-09-26T21:10:29Z,111
9a1611f6250db14776f1bde1c6972937,7680ea538086b43ca6b0ec37c7e62acf,2021-09-27T00:35:59Z,112
6e2da7c6d52556a576a4b4219fecfbdd,5124e374e147342fc9cad88a5a5eec7c,2021-09-27T13:16:46Z,113
a1d61ef931b974feacd184cfe62c41ad,e915f6a6de4a83972b4cb162c8a3dbc8,2021-09-27T14:34:40Z,114
a1d61ef931b974feacd184cfe62c41ad,e915f6a6de4a83972b4cb162c8a3dbc8,2021-09-27T14:36:14Z,115
a1d61ef931b974feacd184cfe62c41ad,7709f636779832e319bd0696756238b7,2021-09-27T15:07:08Z,116
7f864708135f8b7aa92bf145923e30bc,7709f636779832e319bd0696756238b7,2021-09-27T15:29:56Z,117
9a1611f6250db14776f1bde1c6972937,7709f636779832e319bd0696756238b7,2021-09-27T16:00:37Z,118
9a1611f6250db14776f1bde1c6972937,7709f636779832e319bd0696756238b7,2021-09-27T16:03:42Z,119
a1d61ef931b974feacd184cfe62c41ad,e915f6a6de4a83972b4cb162c8a3dbc8,2021-09-27T18:46:43Z,120
a1d61ef931b974feacd184cfe62c41ad,7709f636779832e319bd0696756238b7,2021-09-27T19:18:08Z,121
a1d61ef931b974feacd184cfe62c41ad,e915f6a6de4a83972b4cb162c8a3dbc8,2021-09-27T19:24:41Z,122
da0ea89428251d213bfea1af32e8e098,7709f636779832e319bd0696756238b7,2021-09-27T20:30:10Z,123
da0ea89428251d213bfea1af32e8e098,da3c668e94f480faf6d00582adedeb0f,2021-09-27T20:51:27Z,124
9a67f335c5776c05eff135a7afaca7a7,a3862152324e382c394170d259c9fdf5,2021-09-27T21:30:16Z,125
9a67f335c5776c05eff135a7afaca7a7,a3862152324e382c394170d259c9fdf5,2021-09-27T21:31:40Z,126
9a67f335c5776c05eff135a7afaca7a7,a3862152324e382c394170d259c9fdf5,2021-09-27T21:31:47Z,127
9a67f335c5776c05eff135a7afaca7a7,a3862152324e382c394170d259c9fdf5,2021-09-27T21:31:54Z,128
9a67f335c5776c05eff135a7afaca7a7,a3862152324e382c394170d259c9fdf5,2021-09-27T21:35:46Z,129
9a67f335c5776c05eff135a7afaca7a7,7709f636779832e319bd0696756238b7,2021-09-27T21:42:27Z,130
da0ea89428251d213bfea1af32e8e098,7709f636779832e319bd0696756238b7,2021-09-27T21:44:18Z,131
9a67f335c5776c05eff135a7afaca7a7,a3862152324e382c394170d259c9fdf5,2021-09-27T21:56:17Z,132
9a67f335c5776c05eff135a7afaca7a7,7709f636779832e319bd0696756238b7,2021-09-27T22:08:27Z,133
9a67f335c5776c05eff135a7afaca7a7,a3862152324e382c394170d259c9fdf5,2021-09-27T22:20:39Z,134
7af65c2e259c9db81599fb06deea4303,2b0e80513d3e870d300459ed0efce1c7,2021-09-28T11:31:51Z,135
8e2c979f620ff43e7ce076ee142f3c10,7709f636779832e319bd0696756238b7,2021-09-28T13:14:12Z,136
7af65c2e259c9db81599fb06deea4303,5124e374e147342fc9cad88a5a5eec7c,2021-09-28T14:12:38Z,137
7af65c2e259c9db81599fb06deea4303,5124e374e147342fc9cad88a5a5eec7c,2021-09-28T14:15:55Z,138
8e2c979f620ff43e7ce076ee142f3c10,b4c4150b0c486a8388051480c7543ca3,2021-09-28T15:56:50Z,139
8e2c979f620ff43e7ce076ee142f3c10,b4c4150b0c486a8388051480c7543ca3,2021-09-28T15:56:54Z,140
9a1611f6250db14776f1bde1c6972937,7680ea538086b43ca6b0ec37c7e62acf,2021-09-28T16:01:38Z,141
9a1611f6250db14776f1bde1c6972937,7709f636779832e319bd0696756238b7,2021-09-28T16:06:26Z,142
9a67f335c5776c05eff135a7afaca7a7,a3862152324e382c394170d259c9fdf5,2021-09-28T16:09:09Z,143
8e2c979f620ff43e7ce076ee142f3c10,7709f636779832e319bd0696756238b7,2021-09-28T16:24:47Z,144
9a67f335c5776c05eff135a7afaca7a7,7709f636779832e319bd0696756238b7,2021-09-28T16:29:11Z,145
6affa2ce2e0eb068fda023dc469d950f,5124e374e147342fc9cad88a5a5eec7c,2021-09-28T16:44:43Z,146
a6059dc962db4345b6261978e6b033c4,7709f636779832e319bd0696756238b7,2021-09-28T16:46:00Z,147
a6059dc962db4345b6261978e6b033c4,e3bb89a290186be9b992afd3f24cc92f,2021-09-28T17:23:46Z,148
a6059dc962db4345b6261978e6b033c4,e3bb89a290186be9b992afd3f24cc92f,2021-09-28T17:23:50Z,149
6affa2ce2e0eb068fda023dc469d950f,3a6421e737374430873c120ded6e9e5c,2021-09-28T21:05:56Z,150
063b2469beac94ba88baba811d49d95e,154f839799cb3b7f1be59b9a1e4827ba,2021-09-28T22:11:20Z,151
063b2469beac94ba88baba811d49d95e,154f839799cb3b7f1be59b9a1e4827ba,2021-09-28T22:11:29Z,152
063b2469beac94ba88baba811d49d95e,154f839799cb3b7f1be59b9a1e4827ba,2021-09-28T22:11:35Z,153
6affa2ce2e0eb068fda023dc469d950f,5124e374e147342fc9cad88a5a5eec7c,2021-09-28T22:19:36Z,154
063b2469beac94ba88baba811d49d95e,5203bf9b53a3b9277dd6daf68d1ba54a,2021-09-28T22:26:50Z,155
a6059dc962db4345b6261978e6b033c4,7709f636779832e319bd0696756238b7,2021-09-28T22:29:00Z,156
a6059dc962db4345b6261978e6b033c4,e3bb89a290186be9b992afd3f24cc92f,2021-09-29T16:24:37Z,157
a6059dc962db4345b6261978e6b033c4,e3bb89a290186be9b992afd3f24cc92f,2021-09-29T16:24:50Z,158
a6059dc962db4345b6261978e6b033c4,e3bb89a290186be9b992afd3f24cc92f,2021-09-29T17:34:13Z,159
a6059dc962db4345b6261978e6b033c4,7709f636779832e319bd0696756238b7,2021-09-29T17:51:51Z,160
a6059dc962db4345b6261978e6b033c4,7709f636779832e319bd0696756238b7,2021-09-29T17:52:12Z,161
063b2469beac94ba88baba811d49d95e,154f839799cb3b7f1be59b9a1e4827ba,2021-09-29T18:33:27Z,162
063b2469beac94ba88baba811d49d95e,5203bf9b53a3b9277dd6daf68d1ba54a,2021-09-29T18:55:40Z,163
a6059dc962db4345b6261978e6b033c4,e3bb89a290186be9b992afd3f24cc92f,2021-09-29T20:03:46Z,164
a6059dc962db4345b6261978e6b033c4,7709f636779832e319bd0696756238b7,2021-09-29T21:09:18Z,165
71efdda3ebb379b1c70c6c98f7a286f6,fad93b118e9f4940d7cff94e213420b1,2021-09-29T22:57:24Z,166
71efdda3ebb379b1c70c6c98f7a286f6,5203bf9b53a3b9277dd6daf68d1ba54a,2021-09-29T23:30:57Z,167
71efdda3ebb379b1c70c6c98f7a286f6,fad93b118e9f4940d7cff94e213420b1,2021-09-30T00:46:54Z,168
71efdda3ebb379b1c70c6c98f7a286f6,fad93b118e9f4940d7cff94e213420b1,2021-09-30T00:48:10Z,169
71efdda3ebb379b1c70c6c98f7a286f6,5203bf9b53a3b9277dd6daf68d1ba54a,2021-09-30T01:12:59Z,170
7af65c2e259c9db81599fb06deea4303,2b0e80513d3e870d300459ed0efce1c7,2021-09-30T11:28:18Z,171
7af65c2e259c9db81599fb06deea4303,5124e374e147342fc9cad88a5a5eec7c,2021-09-30T17:47:18Z,172
7af65c2e259c9db81599fb06deea4303,2b0e80513d3e870d300459ed0efce1c7,2021-09-30T18:10:10Z,173
4ec72ed3e99809507416e37a83705932,7709f636779832e319bd0696756238b7,2021-09-30T18:27:47Z,174
08f32b02faf18b6f42fab9e22d626af1,5203bf9b53a3b9277dd6daf68d1ba54a,2021-09-30T19:52:40Z,175
7af65c2e259c9db81599fb06deea4303,5124e374e147342fc9cad88a5a5eec7c,2021-09-30T19:52:55Z,176
7af65c2e259c9db81599fb06deea4303,5124e374e147342fc9cad88a5a5eec7c,2021-09-30T19:53:05Z,177
08f32b02faf18b6f42fab9e22d626af1,5203bf9b53a3b9277dd6daf68d1ba54a,2021-09-30T20:43:42Z,178
ef8989dec5df66d5f422bfa182cf6832,7709f636779832e319bd0696756238b7,2021-09-30T23:24:49Z,179
4ec72ed3e99809507416e37a83705932,7709f636779832e319bd0696756238b7,2021-09-30T23:26:46Z,180
708a314ed284c5748111998d10a583c9,fcd00f6230686a991d73284c65059b96,2021-10-01T02:47:02Z,181
708a314ed284c5748111998d10a583c9,5124e374e147342fc9cad88a5a5eec7c,2021-10-01T12:44:53Z,182
063b2469beac94ba88baba811d49d95e,5203bf9b53a3b9277dd6daf68d1ba54a,2021-10-01T14:23:25Z,183
7f864708135f8b7aa92bf145923e30bc,7709f636779832e319bd0696756238b7,2021-10-01T14:52:00Z,184
9a67f335c5776c05eff135a7afaca7a7,a3862152324e382c394170d259c9fdf5,2021-10-01T15:11:46Z,185
9a67f335c5776c05eff135a7afaca7a7,a3862152324e382c394170d259c9fdf5,2021-10-01T15:12:08Z,186
9a67f335c5776c05eff135a7afaca7a7,a3862152324e382c394170d259c9fdf5,2021-10-01T15:46:03Z,187
9a67f335c5776c05eff135a7afaca7a7,a3862152324e382c394170d259c9fdf5,2021-10-01T15:46:29Z,188
9a1611f6250db14776f1bde1c6972937,7709f636779832e319bd0696756238b7,2021-10-01T17:09:08Z,189
9a67f335c5776c05eff135a7afaca7a7,7709f636779832e319bd0696756238b7,2021-10-01T17:09:59Z,190
9a1611f6250db14776f1bde1c6972937,7709f636779832e319bd0696756238b7,2021-10-01T17:14:55Z,191
ef8989dec5df66d5f422bfa182cf6832,7709f636779832e319bd0696756238b7,2021-10-01T18:04:38Z,192
ef8989dec5df66d5f422bfa182cf6832,b78b34a231784915c9f47f8183d8f5f6,2021-10-01T18:08:05Z,193
ef8989dec5df66d5f422bfa182cf6832,b78b34a231784915c9f47f8183d8f5f6,2021-10-01T18:08:25Z,194
ef8989dec5df66d5f422bfa182cf6832,b78b34a231784915c9f47f8183d8f5f6,2021-10-01T18:08:52Z,195
6affa2ce2e0eb068fda023dc469d950f,5124e374e147342fc9cad88a5a5eec7c,2021-10-01T18:48:47Z,196
6affa2ce2e0eb068fda023dc469d950f,3a6421e737374430873c120ded6e9e5c,2021-10-01T19:44:03Z,197
6affa2ce2e0eb068fda023dc469d950f,3a6421e737374430873c120ded6e9e5c,2021-10-01T19:44:33Z,198
6affa2ce2e0eb068fda023dc469d950f,3a6421e737374430873c120ded6e9e5c,2021-10-01T19:44:51Z,199
ef8989dec5df66d5f422bfa182cf6832,7709f636779832e319bd0696756238b7,2021-10-01T20:25:08Z,200
ef8989dec5df66d5f422bfa182cf6832,b78b34a231784915c9f47f8183d8f5f6,2021-10-01T20:39:19Z,201
6affa2ce2e0eb068fda023dc469d950f,5124e374e147342fc9cad88a5a5eec7c,2021-10-01T20:42:07Z,202
9a67f335c5776c05eff135a7afaca7a7,a3862152324e382c394170d259c9fdf5,2021-10-01T20:55:40Z,203
9a67f335c5776c05eff135a7afaca7a7,a3862152324e382c394170d259c9fdf5,2021-10-01T20:55:49Z,204
9a67f335c5776c05eff135a7afaca7a7,a3862152324e382c394170d259c9fdf5,2021-10-01T20:57:12Z,205
9a67f335c5776c05eff135a7afaca7a7,7709f636779832e319bd0696756238b7,2021-10-01T21:45:17Z,206
ef8989dec5df66d5f422bfa182cf6832,7709f636779832e319bd0696756238b7,2021-10-01T22:52:01Z,207
9a1611f6250db14776f1bde1c6972937,7680ea538086b43ca6b0ec37c7e62acf,2021-10-01T22:54:53Z,208
708a314ed284c5748111998d10a583c9,fcd00f6230686a991d73284c65059b96,2021-10-02T00:53:13Z,209
708a314ed284c5748111998d10a583c9,fcd00f6230686a991d73284c65059b96,2021-10-02T00:54:25Z,210
ef8989dec5df66d5f422bfa182cf6832,b78b34a231784915c9f47f8183d8f5f6,2021-10-02T18:51:24Z,211
ebb9ece2d1152b5370f0bc3d6a5862e6,893c3702d5371963d71d43daa96d2b8d,2021-10-02T20:10:19Z,212
ebb9ece2d1152b5370f0bc3d6a5862e6,893c3702d5371963d71d43daa96d2b8d,2021-10-02T20:10:25Z,213
6affa2ce2e0eb068fda023dc469d950f,3a6421e737374430873c120ded6e9e5c,2021-10-02T23:31:34Z,214
708a314ed284c5748111998d10a583c9,5124e374e147342fc9cad88a5a5eec7c,2021-10-04T12:30:57Z,215
708a314ed284c5748111998d10a583c9,fcd00f6230686a991d73284c65059b96,2021-10-04T14:06:13Z,216
ebb9ece2d1152b5370f0bc3d6a5862e6,5124e374e147342fc9cad88a5a5eec7c,2021-10-04T14:19:09Z,217
ef39ac8fb168ce70deb8239472db7b6b,5124e374e147342fc9cad88a5a5eec7c,2021-10-04T14:37:32Z,218
708a314ed284c5748111998d10a583c9,5124e374e147342fc9cad88a5a5eec7c,2021-10-04T15:08:42Z,219
708a314ed284c5748111998d10a583c9,5124e374e147342fc9cad88a5a5eec7c,2021-10-04T15:56:22Z,220
a6059dc962db4345b6261978e6b033c4,e3bb89a290186be9b992afd3f24cc92f,2021-10-04T15:56:31Z,221
708a314ed284c5748111998d10a583c9,5124e374e147342fc9cad88a5a5eec7c,2021-10-04T15:57:28Z,222
6affa2ce2e0eb068fda023dc469d950f,5124e374e147342fc9cad88a5a5eec7c,2021-10-04T17:38:14Z,223
a6059dc962db4345b6261978e6b033c4,7709f636779832e319bd0696756238b7,2021-10-04T17:40:26Z,224
9a1611f6250db14776f1bde1c6972937,7709f636779832e319bd0696756238b7,2021-10-04T17:42:00Z,225
9a1611f6250db14776f1bde1c6972937,7709f636779832e319bd0696756238b7,2021-10-04T17:42:56Z,226
ef8989dec5df66d5f422bfa182cf6832,7709f636779832e319bd0696756238b7,2021-10-04T18:47:21Z,227
9a67f335c5776c05eff135a7afaca7a7,a3862152324e382c394170d259c9fdf5,2021-10-04T19:50:26Z,228
9a67f335c5776c05eff135a7afaca7a7,a3862152324e382c394170d259c9fdf5,2021-10-04T19:50:39Z,229
9a67f335c5776c05eff135a7afaca7a7,a3862152324e382c394170d259c9fdf5,2021-10-04T19:51:44Z,230
9a67f335c5776c05eff135a7afaca7a7,7709f636779832e319bd0696756238b7,2021-10-04T22:26:35Z,231
6affa2ce2e0eb068fda023dc469d950f,3a6421e737374430873c120ded6e9e5c,2021-10-05T00:46:50Z,232
9a67f335c5776c05eff135a7afaca7a7,a3862152324e382c394170d259c9fdf5,2021-10-05T02:26:44Z,233
6e2da7c6d52556a576a4b4219fecfbdd,5124e374e147342fc9cad88a5a5eec7c,2021-10-05T12:10:20Z,234
ef8989dec5df66d5f422bfa182cf6832,b78b34a231784915c9f47f8183d8f5f6,2021-10-05T14:09:44Z,235
7af65c2e259c9db81599fb06deea4303,5124e374e147342fc9cad88a5a5eec7c,2021-10-05T15:31:57Z,236
98bc9047bacb18d29276281cbbc85d48,585bdd73586e3df2dc27527fcbeba467,2021-10-05T15:54:49Z,237
98bc9047bacb18d29276281cbbc85d48,5124e374e147342fc9cad88a5a5eec7c,2021-10-05T17:01:56Z,238
9a1611f6250db14776f1bde1c6972937,7709f636779832e319bd0696756238b7,2021-10-05T17:21:47Z,239
98bc9047bacb18d29276281cbbc85d48,585bdd73586e3df2dc27527fcbeba467,2021-10-05T17:30:58Z,240
ef8989dec5df66d5f422bfa182cf6832,7709f636779832e319bd0696756238b7,2021-10-05T17:34:13Z,241
98bc9047bacb18d29276281cbbc85d48,5124e374e147342fc9cad88a5a5eec7c,2021-10-05T18:00:54Z,242
33ec714993379101dea95d5d2bba4ebf,7709f636779832e319bd0696756238b7,2021-10-05T18:02:16Z,243
98bc9047bacb18d29276281cbbc85d48,585bdd73586e3df2dc27527fcbeba467,2021-10-05T19:13:43Z,244
98bc9047bacb18d29276281cbbc85d48,5124e374e147342fc9cad88a5a5eec7c,2021-10-05T19:34:07Z,245
33ec714993379101dea95d5d2bba4ebf,7709f636779832e319bd0696756238b7,2021-10-05T19:44:06Z,246
b68aa36a690007b7d8426697464da9f5,5124e374e147342fc9cad88a5a5eec7c,2021-10-05T20:33:13Z,247
ef8989dec5df66d5f422bfa182cf6832,b78b34a231784915c9f47f8183d8f5f6,2021-10-05T20:39:04Z,248
33ec714993379101dea95d5d2bba4ebf,7709f636779832e319bd0696756238b7,2021-10-05T20:40:31Z,249
7af65c2e259c9db81599fb06deea4303,5124e374e147342fc9cad88a5a5eec7c,2021-10-05T20:47:02Z,250
08f32b02faf18b6f42fab9e22d626af1,5203bf9b53a3b9277dd6daf68d1ba54a,2021-10-05T20:55:31Z,251
08f32b02faf18b6f42fab9e22d626af1,ed61c9545141948a6088ad71924ca0ba,2021-10-05T21:39:36Z,252
08f32b02faf18b6f42fab9e22d626af1,ed61c9545141948a6088ad71924ca0ba,2021-10-05T21:39:39Z,253
08f32b02faf18b6f42fab9e22d626af1,ed61c9545141948a6088ad71924ca0ba,2021-10-05T21:39:52Z,254
b68aa36a690007b7d8426697464da9f5,4a5e6e1b67345d6d940c8927b5762d14,2021-10-05T22:00:59Z,255
08f32b02faf18b6f42fab9e22d626af1,5203bf9b53a3b9277dd6daf68d1ba54a,2021-10-05T22:09:45Z,256
7af65c2e259c9db81599fb06deea4303,2b0e80513d3e870d300459ed0efce1c7,2021-10-05T22:16:46Z,257
7af65c2e259c9db81599fb06deea4303,2b0e80513d3e870d300459ed0efce1c7,2021-10-05T22:20:50Z,258
7af65c2e259c9db81599fb06deea4303,5124e374e147342fc9cad88a5a5eec7c,2021-10-05T22:27:32Z,259
b68aa36a690007b7d8426697464da9f5,5124e374e147342fc9cad88a5a5eec7c,2021-10-06T12:53:27Z,260
6e2da7c6d52556a576a4b4219fecfbdd,5124e374e147342fc9cad88a5a5eec7c,2021-10-06T13:32:55Z,261
b68aa36a690007b7d8426697464da9f5,4a5e6e1b67345d6d940c8927b5762d14,2021-10-06T13:37:22Z,262
33ec714993379101dea95d5d2bba4ebf,7709f636779832e319bd0696756238b7,2021-10-06T14:37:43Z,263
b68aa36a690007b7d8426697464da9f5,5124e374e147342fc9cad88a5a5eec7c,2021-10-06T15:29:07Z,264
33ec714993379101dea95d5d2bba4ebf,a634a03fcacefbc17af5b05ec999c24b,2021-10-06T16:52:44Z,265
33ec714993379101dea95d5d2bba4ebf,a634a03fcacefbc17af5b05ec999c24b,2021-10-06T16:55:04Z,266
33ec714993379101dea95d5d2bba4ebf,a634a03fcacefbc17af5b05ec999c24b,2021-10-06T16:56:11Z,267
33ec714993379101dea95d5d2bba4ebf,7709f636779832e319bd0696756238b7,2021-10-06T17:44:14Z,268
33ec714993379101dea95d5d2bba4ebf,7709f636779832e319bd0696756238b7,2021-10-06T17:47:14Z,269
6e2da7c6d52556a576a4b4219fecfbdd,acd61011ebe2ecbb4fe8c2ebccf14e76,2021-10-06T17:47:56Z,270
063b2469beac94ba88baba811d49d95e,5203bf9b53a3b9277dd6daf68d1ba54a,2021-10-06T18:10:53Z,271
33ec714993379101dea95d5d2bba4ebf,a634a03fcacefbc17af5b05ec999c24b,2021-10-06T18:14:06Z,272
33ec714993379101dea95d5d2bba4ebf,a634a03fcacefbc17af5b05ec999c24b,2021-10-06T18:22:24Z,273
6e2da7c6d52556a576a4b4219fecfbdd,5124e374e147342fc9cad88a5a5eec7c,2021-10-06T18:50:28Z,274
08f32b02faf18b6f42fab9e22d626af1,ed61c9545141948a6088ad71924ca0ba,2021-10-06T19:50:30Z,275
08f32b02faf18b6f42fab9e22d626af1,ed61c9545141948a6088ad71924ca0ba,2021-10-06T19:50:33Z,276
08f32b02faf18b6f42fab9e22d626af1,5203bf9b53a3b9277dd6daf68d1ba54a,2021-10-06T19:52:31Z,277
33ec714993379101dea95d5d2bba4ebf,7709f636779832e319bd0696756238b7,2021-10-06T21:15:32Z,278
33ec714993379101dea95d5d2bba4ebf,7709f636779832e319bd0696756238b7,2021-10-06T22:44:59Z,279
33ec714993379101dea95d5d2bba4ebf,7709f636779832e319bd0696756238b7,2021-10-06T22:50:30Z,280
7af65c2e259c9db81599fb06deea4303,2b0e80513d3e870d300459ed0efce1c7,2021-10-06T22:57:50Z,281
ef8989dec5df66d5f422bfa182cf6832,7709f636779832e319bd0696756238b7,2021-10-06T23:00:29Z,282
33ec714993379101dea95d5d2bba4ebf,7709f636779832e319bd0696756238b7,2021-10-06T23:01:35Z,283
33ec714993379101dea95d5d2bba4ebf,a634a03fcacefbc17af5b05ec999c24b,2021-10-07T00:56:12Z,284
33ec714993379101dea95d5d2bba4ebf,a634a03fcacefbc17af5b05ec999c24b,2021-10-07T00:57:21Z,285
33ec714993379101dea95d5d2bba4ebf,a634a03fcacefbc17af5b05ec999c24b,2021-10-07T01:00:25Z,286
9a1611f6250db14776f1bde1c6972937,7680ea538086b43ca6b0ec37c7e62acf,2021-10-07T08:20:19Z,287
ebb9ece2d1152b5370f0bc3d6a5862e6,5124e374e147342fc9cad88a5a5eec7c,2021-10-07T13:57:53Z,288
7af65c2e259c9db81599fb06deea4303,5124e374e147342fc9cad88a5a5eec7c,2021-10-07T14:04:53Z,289
33ec714993379101dea95d5d2bba4ebf,7709f636779832e319bd0696756238b7,2021-10-07T14:40:02Z,290
7f864708135f8b7aa92bf145923e30bc,7709f636779832e319bd0696756238b7,2021-10-07T15:32:38Z,291
7af65c2e259c9db81599fb06deea4303,2b0e80513d3e870d300459ed0efce1c7,2021-10-07T15:50:05Z,292
7f864708135f8b7aa92bf145923e30bc,69d8025e9b468a1bbb689811d252ec35,2021-10-07T16:21:28Z,293
7f864708135f8b7aa92bf145923e30bc,69d8025e9b468a1bbb689811d252ec35,2021-10-07T16:21:35Z,294
7f864708135f8b7aa92bf145923e30bc,69d8025e9b468a1bbb689811d252ec35,2021-10-07T16:22:44Z,295
34875eb494a98a4eadd5e7e35cfe24bf,7709f636779832e319bd0696756238b7,2021-10-07T16:26:32Z,296
9a1611f6250db14776f1bde1c6972937,7709f636779832e319bd0696756238b7,2021-10-07T16:32:13Z,297
9a1611f6250db14776f1bde1c6972937,7680ea538086b43ca6b0ec37c7e62acf,2021-10-07T16:33:57Z,298
7f864708135f8b7aa92bf145923e30bc,7709f636779832e319bd0696756238b7,2021-10-07T16:39:33Z,299
9a1611f6250db14776f1bde1c6972937,7709f636779832e319bd0696756238b7,2021-10-07T17:04:04Z,300
9a1611f6250db14776f1bde1c6972937,7680ea538086b43ca6b0ec37c7e62acf,2021-10-07T17:09:33Z,301
9a1611f6250db14776f1bde1c6972937,7709f636779832e319bd0696756238b7,2021-10-07T17:12:41Z,302
34875eb494a98a4eadd5e7e35cfe24bf,c8df868169c9dda5dfa80aced3e6b0e8,2021-10-07T17:57:09Z,303
cb997a3c2dfd921be10e4fb61353da4b,5203bf9b53a3b9277dd6daf68d1ba54a,2021-10-07T18:22:37Z,304
cb997a3c2dfd921be10e4fb61353da4b,655697b42509a75c5749c0568e2d97f7,2021-10-07T18:26:39Z,305
34875eb494a98a4eadd5e7e35cfe24bf,7709f636779832e319bd0696756238b7,2021-10-07T18:42:23Z,306
cb997a3c2dfd921be10e4fb61353da4b,5203bf9b53a3b9277dd6daf68d1ba54a,2021-10-07T19:09:53Z,307
cb997a3c2dfd921be10e4fb61353da4b,5203bf9b53a3b9277dd6daf68d1ba54a,2021-10-07T19:10:21Z,308
cb997a3c2dfd921be10e4fb61353da4b,5203bf9b53a3b9277dd6daf68d1ba54a,2021-10-07T19:15:46Z,309
ebb9ece2d1152b5370f0bc3d6a5862e6,5124e374e147342fc9cad88a5a5eec7c,2021-10-07T19:43:38Z,310
cb997a3c2dfd921be10e4fb61353da4b,655697b42509a75c5749c0568e2d97f7,2021-10-07T23:08:27Z,311
ef8989dec5df66d5f422bfa182cf6832,b78b34a231784915c9f47f8183d8f5f6,2021-10-08T01:32:44Z,312
ef8989dec5df66d5f422bfa182cf6832,b78b34a231784915c9f47f8183d8f5f6,2021-10-08T01:32:57Z,313
ef39ac8fb168ce70deb8239472db7b6b,5124e374e147342fc9cad88a5a5eec7c,2021-10-08T12:34:34Z,314
ef39ac8fb168ce70deb8239472db7b6b,ced0c1addfd8468d8349100a08ca8965,2021-10-08T13:15:41Z,315
ef39ac8fb168ce70deb8239472db7b6b,ced0c1addfd8468d8349100a08ca8965,2021-10-08T13:16:06Z,316
cb997a3c2dfd921be10e4fb61353da4b,655697b42509a75c5749c0568e2d97f7,2021-10-08T13:24:12Z,317
cb997a3c2dfd921be10e4fb61353da4b,5203bf9b53a3b9277dd6daf68d1ba54a,2021-10-08T13:31:09Z,318
cb997a3c2dfd921be10e4fb61353da4b,655697b42509a75c5749c0568e2d97f7,2021-10-08T14:06:22Z,319
ef39ac8fb168ce70deb8239472db7b6b,5124e374e147342fc9cad88a5a5eec7c,2021-10-08T14:16:19Z,320
ef39ac8fb168ce70deb8239472db7b6b,5124e374e147342fc9cad88a5a5eec7c,2021-10-08T14:16:33Z,321
096029a1a196946050da02e35ce4bda5,fbd8437feb80cb2ad35e81086eaef57c,2021-10-08T14:53:54Z,322
096029a1a196946050da02e35ce4bda5,fbd8437feb80cb2ad35e81086eaef57c,2021-10-08T14:54:02Z,323
cb997a3c2dfd921be10e4fb61353da4b,5203bf9b53a3b9277dd6daf68d1ba54a,2021-10-08T15:53:50Z,324
02a4c88a4906ee54ad3b0296124c6065,7709f636779832e319bd0696756238b7,2021-10-08T16:19:38Z,325
02a4c88a4906ee54ad3b0296124c6065,7709f636779832e319bd0696756238b7,2021-10-08T16:23:57Z,326
7af65c2e259c9db81599fb06deea4303,5124e374e147342fc9cad88a5a5eec7c,2021-10-08T17:55:07Z,327
ef8989dec5df66d5f422bfa182cf6832,7709f636779832e319bd0696756238b7,2021-10-08T18:09:09Z,328
6affa2ce2e0eb068fda023dc469d950f,5124e374e147342fc9cad88a5a5eec7c,2021-10-08T18:11:48Z,329
6affa2ce2e0eb068fda023dc469d950f,5124e374e147342fc9cad88a5a5eec7c,2021-10-08T18:19:39Z,330
6affa2ce2e0eb068fda023dc469d950f,3a6421e737374430873c120ded6e9e5c,2021-10-08T19:35:40Z,331
b68aa36a690007b7d8426697464da9f5,4a5e6e1b67345d6d940c8927b5762d14,2021-10-08T20:28:49Z,332
6affa2ce2e0eb068fda023dc469d950f,5124e374e147342fc9cad88a5a5eec7c,2021-10-08T22:55:06Z,333
98bc9047bacb18d29276281cbbc85d48,5124e374e147342fc9cad88a5a5eec7c,2021-10-08T23:04:35Z,334
b68aa36a690007b7d8426697464da9f5,5124e374e147342fc9cad88a5a5eec7c,2021-10-08T23:11:41Z,335
ef39ac8fb168ce70deb8239472db7b6b,ced0c1addfd8468d8349100a08ca8965,2021-10-09T13:51:14Z,336
b68aa36a690007b7d8426697464da9f5,4a5e6e1b67345d6d940c8927b5762d14,2021-10-09T17:53:43Z,337
6affa2ce2e0eb068fda023dc469d950f,3a6421e737374430873c120ded6e9e5c,2021-10-09T21:54:21Z,338
ef8989dec5df66d5f422bfa182cf6832,b78b34a231784915c9f47f8183d8f5f6,2021-10-10T00:41:18Z,339
ef39ac8fb168ce70deb8239472db7b6b,5124e374e147342fc9cad88a5a5eec7c,2021-10-11T12:39:03Z,340
ef39ac8fb168ce70deb8239472db7b6b,5124e374e147342fc9cad88a5a5eec7c,2021-10-11T12:39:16Z,341
a1d61ef931b974feacd184cfe62c41ad,7709f636779832e319bd0696756238b7,2021-10-11T14:44:35Z,342
b68aa36a690007b7d8426697464da9f5,5124e374e147342fc9cad88a5a5eec7c,2021-10-11T15:35:55Z,343
b68aa36a690007b7d8426697464da9f5,5124e374e147342fc9cad88a5a5eec7c,2021-10-11T15:36:29Z,344
acb41fdc979596ce8af492cba0f9431b,8716fac2c87a3cc6d0c998958948133e,2021-10-11T15:41:05Z,345
b68aa36a690007b7d8426697464da9f5,4a5e6e1b67345d6d940c8927b5762d14,2021-10-11T15:46:46Z,346
b68aa36a690007b7d8426697464da9f5,5124e374e147342fc9cad88a5a5eec7c,2021-10-11T15:57:05Z,347
1eca8be8c92a3cb35b786b12e2c292d9,8716fac2c87a3cc6d0c998958948133e,2021-10-11T16:42:56Z,348
1eca8be8c92a3cb35b786b12e2c292d9,8716fac2c87a3cc6d0c998958948133e,2021-10-11T16:45:35Z,349
b68aa36a690007b7d8426697464da9f5,4a5e6e1b67345d6d940c8927b5762d14,2021-10-11T16:45:47Z,350
ef8989dec5df66d5f422bfa182cf6832,7709f636779832e319bd0696756238b7,2021-10-11T17:29:51Z,351
1eca8be8c92a3cb35b786b12e2c292d9,53f093e57d95e60c8ef83a05b6883df4,2021-10-11T17:58:24Z,352
ef8989dec5df66d5f422bfa182cf6832,b78b34a231784915c9f47f8183d8f5f6,2021-10-11T18:13:33Z,353
b68aa36a690007b7d8426697464da9f5,5124e374e147342fc9cad88a5a5eec7c,2021-10-11T18:26:31Z,354
1eca8be8c92a3cb35b786b12e2c292d9,8716fac2c87a3cc6d0c998958948133e,2021-10-11T18:30:10Z,355
1eca8be8c92a3cb35b786b12e2c292d9,8716fac2c87a3cc6d0c998958948133e,2021-10-11T18:32:06Z,356
33ec714993379101dea95d5d2bba4ebf,a634a03fcacefbc17af5b05ec999c24b,2021-10-11T18:36:09Z,357
ef8989dec5df66d5f422bfa182cf6832,7709f636779832e319bd0696756238b7,2021-10-11T18:47:52Z,358
1eca8be8c92a3cb35b786b12e2c292d9,53f093e57d95e60c8ef83a05b6883df4,2021-10-11T18:52:11Z,359
b68aa36a690007b7d8426697464da9f5,4a5e6e1b67345d6d940c8927b5762d14,2021-10-11T18:58:13Z,360
b68aa36a690007b7d8426697464da9f5,4a5e6e1b67345d6d940c8927b5762d14,2021-10-11T18:58:35Z,361
34875eb494a98a4eadd5e7e35cfe24bf,c8df868169c9dda5dfa80aced3e6b0e8,2021-10-11T19:18:51Z,362
34875eb494a98a4eadd5e7e35cfe24bf,7709f636779832e319bd0696756238b7,2021-10-11T19:39:22Z,363
da0ea89428251d213bfea1af32e8e098,da3c668e94f480faf6d00582adedeb0f,2021-10-11T20:00:33Z,364
da0ea89428251d213bfea1af32e8e098,7709f636779832e319bd0696756238b7,2021-10-11T20:29:14Z,365
da0ea89428251d213bfea1af32e8e098,da3c668e94f480faf6d00582adedeb0f,2021-10-11T20:31:48Z,366
b68aa36a690007b7d8426697464da9f5,5124e374e147342fc9cad88a5a5eec7c,2021-10-11T20:33:47Z,367
cb997a3c2dfd921be10e4fb61353da4b,655697b42509a75c5749c0568e2d97f7,2021-10-11T20:40:19Z,368
da0ea89428251d213bfea1af32e8e098,7709f636779832e319bd0696756238b7,2021-10-11T20:43:00Z,369
cb997a3c2dfd921be10e4fb61353da4b,5203bf9b53a3b9277dd6daf68d1ba54a,2021-10-11T20:49:55Z,370
cb997a3c2dfd921be10e4fb61353da4b,655697b42509a75c5749c0568e2d97f7,2021-10-11T20:54:20Z,371
98bc9047bacb18d29276281cbbc85d48,585bdd73586e3df2dc27527fcbeba467,2021-10-11T21:19:57Z,372
4ec72ed3e99809507416e37a83705932,7709f636779832e319bd0696756238b7,2021-10-11T21:21:31Z,373
98bc9047bacb18d29276281cbbc85d48,5124e374e147342fc9cad88a5a5eec7c,2021-10-11T21:57:11Z,374
98bc9047bacb18d29276281cbbc85d48,5124e374e147342fc9cad88a5a5eec7c,2021-10-11T22:02:24Z,375
b68aa36a690007b7d8426697464da9f5,4a5e6e1b67345d6d940c8927b5762d14,2021-10-11T22:15:08Z,376
ef8989dec5df66d5f422bfa182cf6832,b78b34a231784915c9f47f8183d8f5f6,2021-10-12T01:03:12Z,377
b68aa36a690007b7d8426697464da9f5,5124e374e147342fc9cad88a5a5eec7c,2021-10-12T12:25:37Z,378
708a314ed284c5748111998d10a583c9,fcd00f6230686a991d73284c65059b96,2021-10-12T14:10:44Z,379
cb0bb863cf887bf445401bf12ff2009b,7709f636779832e319bd0696756238b7,2021-10-12T14:26:24Z,380
708a314ed284c5748111998d10a583c9,5124e374e147342fc9cad88a5a5eec7c,2021-10-12T14:29:07Z,381
ebb9ece2d1152b5370f0bc3d6a5862e6,893c3702d5371963d71d43daa96d2b8d,2021-10-12T14:55:40Z,382
ebb9ece2d1152b5370f0bc3d6a5862e6,5124e374e147342fc9cad88a5a5eec7c,2021-10-12T15:28:54Z,383
ebb9ece2d1152b5370f0bc3d6a5862e6,893c3702d5371963d71d43daa96d2b8d,2021-10-12T16:15:00Z,384
ebb9ece2d1152b5370f0bc3d6a5862e6,893c3702d5371963d71d43daa96d2b8d,2021-10-12T16:16:44Z,385
cb997a3c2dfd921be10e4fb61353da4b,5203bf9b53a3b9277dd6daf68d1ba54a,2021-10-12T16:21:56Z,386
ebb9ece2d1152b5370f0bc3d6a5862e6,5124e374e147342fc9cad88a5a5eec7c,2021-10-12T16:27:08Z,387
cb997a3c2dfd921be10e4fb61353da4b,655697b42509a75c5749c0568e2d97f7,2021-10-12T16:29:48Z,388
1eca8be8c92a3cb35b786b12e2c292d9,8716fac2c87a3cc6d0c998958948133e,2021-10-12T16:39:09Z,389
ebb9ece2d1152b5370f0bc3d6a5862e6,893c3702d5371963d71d43daa96d2b8d,2021-10-12T16:43:09Z,390
1eca8be8c92a3cb35b786b12e2c292d9,53f093e57d95e60c8ef83a05b6883df4,2021-10-12T16:53:55Z,391
acb41fdc979596ce8af492cba0f9431b,8716fac2c87a3cc6d0c998958948133e,2021-10-12T17:11:50Z,392
acb41fdc979596ce8af492cba0f9431b,1c19811d6ff3419fe916a0c1265db1a1,2021-10-12T17:30:35Z,393
ef8989dec5df66d5f422bfa182cf6832,7709f636779832e319bd0696756238b7,2021-10-12T17:40:10Z,394
acb41fdc979596ce8af492cba0f9431b,8716fac2c87a3cc6d0c998958948133e,2021-10-12T17:49:03Z,395
ebb9ece2d1152b5370f0bc3d6a5862e6,5124e374e147342fc9cad88a5a5eec7c,2021-10-12T18:32:55Z,396
b68aa36a690007b7d8426697464da9f5,4a5e6e1b67345d6d940c8927b5762d14,2021-10-12T19:06:56Z,397
708a314ed284c5748111998d10a583c9,5124e374e147342fc9cad88a5a5eec7c,2021-10-12T19:35:47Z,398
5699074fbce0c5eb04efd698adbce4ef,5124e374e147342fc9cad88a5a5eec7c,2021-10-12T20:31:33Z,399
9a67f335c5776c05eff135a7afaca7a7,7709f636779832e319bd0696756238b7,2021-10-12T20:54:04Z,400
9a67f335c5776c05eff135a7afaca7a7,a3862152324e382c394170d259c9fdf5,2021-10-12T21:29:46Z,401
ef8989dec5df66d5f422bfa182cf6832,b78b34a231784915c9f47f8183d8f5f6,2021-10-13T02:21:16Z,402
1eca8be8c92a3cb35b786b12e2c292d9,8716fac2c87a3cc6d0c998958948133e,2021-10-13T14:18:26Z,403
1eca8be8c92a3cb35b786b12e2c292d9,8716fac2c87a3cc6d0c998958948133e,2021-10-13T14:18:55Z,404
1eca8be8c92a3cb35b786b12e2c292d9,8716fac2c87a3cc6d0c998958948133e,2021-10-13T14:19:20Z,405
ef8989dec5df66d5f422bfa182cf6832,7709f636779832e319bd0696756238b7,2021-10-13T16:31:37Z,406
9a1611f6250db14776f1bde1c6972937,7680ea538086b43ca6b0ec37c7e62acf,2021-10-13T17:20:58Z,407
acb41fdc979596ce8af492cba0f9431b,1c19811d6ff3419fe916a0c1265db1a1,2021-10-13T17:49:52Z,408
acb41fdc979596ce8af492cba0f9431b,8716fac2c87a3cc6d0c998958948133e,2021-10-13T18:04:29Z,409
acb41fdc979596ce8af492cba0f9431b,1c19811d6ff3419fe916a0c1265db1a1,2021-10-13T18:09:58Z,410
63ab4db40fed02cf7018cd756344ea7b,cc4db3de3b625aae34c42575b5da5363,2021-10-13T20:33:01Z,411
096029a1a196946050da02e35ce4bda5,2f55eb1f512b3525b5412853ae586828,2021-10-13T20:34:16Z,412
096029a1a196946050da02e35ce4bda5,2f55eb1f512b3525b5412853ae586828,2021-10-13T20:34:42Z,413
096029a1a196946050da02e35ce4bda5,2f55eb1f512b3525b5412853ae586828,2021-10-13T20:34:53Z,414
63ab4db40fed02cf7018cd756344ea7b,8716fac2c87a3cc6d0c998958948133e,2021-10-13T20:50:16Z,415
02a4c88a4906ee54ad3b0296124c6065,7709f636779832e319bd0696756238b7,2021-10-13T21:08:33Z,416
096029a1a196946050da02e35ce4bda5,fbd8437feb80cb2ad35e81086eaef57c,2021-10-13T21:39:37Z,417
096029a1a196946050da02e35ce4bda5,fbd8437feb80cb2ad35e81086eaef57c,2021-10-13T21:41:22Z,418
63ab4db40fed02cf7018cd756344ea7b,cc4db3de3b625aae34c42575b5da5363,2021-10-13T21:53:14Z,419
63ab4db40fed02cf7018cd756344ea7b,cc4db3de3b625aae34c42575b5da5363,2021-10-13T21:54:02Z,420
63ab4db40fed02cf7018cd756344ea7b,cc4db3de3b625aae34c42575b5da5363,2021-10-13T21:54:26Z,421
63ab4db40fed02cf7018cd756344ea7b,8716fac2c87a3cc6d0c998958948133e,2021-10-13T22:08:03Z,422
1eca8be8c92a3cb35b786b12e2c292d9,8716fac2c87a3cc6d0c998958948133e,2021-10-13T22:29:26Z,423
4ec72ed3e99809507416e37a83705932,366ec10afd90b1434e55d9f42786195c,2021-10-13T23:06:09Z,424
5699074fbce0c5eb04efd698adbce4ef,2e92b58d608b255a4231a73941b421e5,2021-10-14T00:20:41Z,425
5699074fbce0c5eb04efd698adbce4ef,2e92b58d608b255a4231a73941b421e5,2021-10-14T00:22:10Z,426
5699074fbce0c5eb04efd698adbce4ef,2e92b58d608b255a4231a73941b421e5,2021-10-14T00:23:03Z,427
5699074fbce0c5eb04efd698adbce4ef,5124e374e147342fc9cad88a5a5eec7c,2021-10-14T12:25:04Z,428
5699074fbce0c5eb04efd698adbce4ef,5124e374e147342fc9cad88a5a5eec7c,2021-10-14T12:25:10Z,429
6e2da7c6d52556a576a4b4219fecfbdd,5124e374e147342fc9cad88a5a5eec7c,2021-10-14T13:31:41Z,430
b68aa36a690007b7d8426697464da9f5,5124e374e147342fc9cad88a5a5eec7c,2021-10-14T13:36:24Z,431
cb997a3c2dfd921be10e4fb61353da4b,5203bf9b53a3b9277dd6daf68d1ba54a,2021-10-14T13:51:58Z,432
cb997a3c2dfd921be10e4fb61353da4b,655697b42509a75c5749c0568e2d97f7,2021-10-14T14:20:50Z,433
cb997a3c2dfd921be10e4fb61353da4b,5203bf9b53a3b9277dd6daf68d1ba54a,2021-10-14T14:45:45Z,434
b68aa36a690007b7d8426697464da9f5,4a5e6e1b67345d6d940c8927b5762d14,2021-10-14T15:47:34Z,435
1b3450a69c3bc7c06a82c40e4ad3e43a,78d3d7b88eb66eec415e03de403002c2,2021-10-14T17:27:41Z,436
02a4c88a4906ee54ad3b0296124c6065,7709f636779832e319bd0696756238b7,2021-10-14T17:50:47Z,437
02a4c88a4906ee54ad3b0296124c6065,4987f83756a331f178e1aa7877154694,2021-10-14T17:56:46Z,438
1b3450a69c3bc7c06a82c40e4ad3e43a,8716fac2c87a3cc6d0c998958948133e,2021-10-14T18:09:34Z,439
9a1611f6250db14776f1bde1c6972937,7709f636779832e319bd0696756238b7,2021-10-14T18:13:48Z,440
4ec72ed3e99809507416e37a83705932,7709f636779832e319bd0696756238b7,2021-10-14T18:17:37Z,441
02a4c88a4906ee54ad3b0296124c6065,7709f636779832e319bd0696756238b7,2021-10-14T18:18:20Z,442
02a4c88a4906ee54ad3b0296124c6065,4987f83756a331f178e1aa7877154694,2021-10-14T18:22:18Z,443
02a4c88a4906ee54ad3b0296124c6065,7709f636779832e319bd0696756238b7,2021-10-14T18:26:32Z,444
02a4c88a4906ee54ad3b0296124c6065,4987f83756a331f178e1aa7877154694,2021-10-14T18:30:24Z,445
02a4c88a4906ee54ad3b0296124c6065,7709f636779832e319bd0696756238b7,2021-10-14T18:32:18Z,446
b68aa36a690007b7d8426697464da9f5,5124e374e147342fc9cad88a5a5eec7c,2021-10-14T18:36:12Z,447
02a4c88a4906ee54ad3b0296124c6065,4987f83756a331f178e1aa7877154694,2021-10-14T19:02:52Z,448
05cb4032f0665880e128a76802d78c98,35b086a060271594fac277bbe0ad91ca,2021-10-14T20:27:00Z,449
05cb4032f0665880e128a76802d78c98,35b086a060271594fac277bbe0ad91ca,2021-10-14T20:37:34Z,450
05cb4032f0665880e128a76802d78c98,8716fac2c87a3cc6d0c998958948133e,2021-10-14T21:20:37Z,451
02a4c88a4906ee54ad3b0296124c6065,7709f636779832e319bd0696756238b7,2021-10-14T22:16:21Z,452
9a1611f6250db14776f1bde1c6972937,7680ea538086b43ca6b0ec37c7e62acf,2021-10-14T22:24:52Z,453
02a4c88a4906ee54ad3b0296124c6065,4987f83756a331f178e1aa7877154694,2021-10-14T22:25:03Z,454
02a4c88a4906ee54ad3b0296124c6065,7709f636779832e319bd0696756238b7,2021-10-14T22:35:54Z,455
1eca8be8c92a3cb35b786b12e2c292d9,53f093e57d95e60c8ef83a05b6883df4,2021-10-14T23:16:35Z,456
cb997a3c2dfd921be10e4fb61353da4b,5203bf9b53a3b9277dd6daf68d1ba54a,2021-10-14T23:43:51Z,457
ef8989dec5df66d5f422bfa182cf6832,b78b34a231784915c9f47f8183d8f5f6,2021-10-15T00:19:36Z,458
02a4c88a4906ee54ad3b0296124c6065,7709f636779832e319bd0696756238b7,2021-10-15T00:45:45Z,459
cb997a3c2dfd921be10e4fb61353da4b,655697b42509a75c5749c0568e2d97f7,2021-10-15T02:15:39Z,460
cb997a3c2dfd921be10e4fb61353da4b,5203bf9b53a3b9277dd6daf68d1ba54a,2021-10-15T13:07:42Z,461
eaacc5c5b477826600c5fff519c4d3cb,5124e374e147342fc9cad88a5a5eec7c,2021-10-15T13:43:21Z,462
5699074fbce0c5eb04efd698adbce4ef,2e92b58d608b255a4231a73941b421e5,2021-10-15T13:49:04Z,463
eaacc5c5b477826600c5fff519c4d3cb,6613cf58d65e4bdaf099436f6d3d536d,2021-10-15T13:55:35Z,464
eaacc5c5b477826600c5fff519c4d3cb,6613cf58d65e4bdaf099436f6d3d536d,2021-10-15T13:56:44Z,465
eaacc5c5b477826600c5fff519c4d3cb,6613cf58d65e4bdaf099436f6d3d536d,2021-10-15T13:57:03Z,466
1eca8be8c92a3cb35b786b12e2c292d9,8716fac2c87a3cc6d0c998958948133e,2021-10-15T14:07:39Z,467
05cb4032f0665880e128a76802d78c98,35b086a060271594fac277bbe0ad91ca,2021-10-15T14:23:28Z,468
05cb4032f0665880e128a76802d78c98,8716fac2c87a3cc6d0c998958948133e,2021-10-15T15:24:00Z,469
1eca8be8c92a3cb35b786b12e2c292d9,53f093e57d95e60c8ef83a05b6883df4,2021-10-15T15:37:24Z,470
1eca8be8c92a3cb35b786b12e2c292d9,53f093e57d95e60c8ef83a05b6883df4,2021-10-15T15:37:40Z,471
1eca8be8c92a3cb35b786b12e2c292d9,53f093e57d95e60c8ef83a05b6883df4,2021-10-15T15:37:53Z,472
1eca8be8c92a3cb35b786b12e2c292d9,8716fac2c87a3cc6d0c998958948133e,2021-10-15T15:49:27Z,473
02a4c88a4906ee54ad3b0296124c6065,7709f636779832e319bd0696756238b7,2021-10-15T16:13:31Z,474
eaacc5c5b477826600c5fff519c4d3cb,5124e374e147342fc9cad88a5a5eec7c,2021-10-15T19:25:03Z,475
2f8c2a421c78b2873870399fb8264974,8716fac2c87a3cc6d0c998958948133e,2021-10-15T19:42:02Z,476
02a4c88a4906ee54ad3b0296124c6065,4987f83756a331f178e1aa7877154694,2021-10-15T19:47:10Z,477
02a4c88a4906ee54ad3b0296124c6065,7709f636779832e319bd0696756238b7,2021-10-15T19:59:09Z,478
2f8c2a421c78b2873870399fb8264974,ac7d15f5a8358ee75d6b10ed66d02942,2021-10-15T20:37:34Z,479
5699074fbce0c5eb04efd698adbce4ef,5124e374e147342fc9cad88a5a5eec7c,2021-10-15T20:39:43Z,480
5699074fbce0c5eb04efd698adbce4ef,5124e374e147342fc9cad88a5a5eec7c,2021-10-15T20:39:48Z,481
2f8c2a421c78b2873870399fb8264974,8716fac2c87a3cc6d0c998958948133e,2021-10-15T20:42:29Z,482
2f8c2a421c78b2873870399fb8264974,ac7d15f5a8358ee75d6b10ed66d02942,2021-10-15T20:42:57Z,483
2f8c2a421c78b2873870399fb8264974,8716fac2c87a3cc6d0c998958948133e,2021-10-15T20:47:52Z,484
2f8c2a421c78b2873870399fb8264974,ac7d15f5a8358ee75d6b10ed66d02942,2021-10-15T20:48:21Z,485
2f8c2a421c78b2873870399fb8264974,8716fac2c87a3cc6d0c998958948133e,2021-10-15T20:49:37Z,486
2f8c2a421c78b2873870399fb8264974,ac7d15f5a8358ee75d6b10ed66d02942,2021-10-15T20:57:10Z,487
5699074fbce0c5eb04efd698adbce4ef,5124e374e147342fc9cad88a5a5eec7c,2021-10-15T21:03:59Z,488
708a314ed284c5748111998d10a583c9,5124e374e147342fc9cad88a5a5eec7c,2021-10-15T21:14:54Z,489
5699074fbce0c5eb04efd698adbce4ef,2e92b58d608b255a4231a73941b421e5,2021-10-15T22:05:10Z,490
1eca8be8c92a3cb35b786b12e2c292d9,53f093e57d95e60c8ef83a05b6883df4,2021-10-17T17:40:37Z,491
5699074fbce0c5eb04efd698adbce4ef,5124e374e147342fc9cad88a5a5eec7c,2021-10-18T13:12:03Z,492
cb997a3c2dfd921be10e4fb61353da4b,5203bf9b53a3b9277dd6daf68d1ba54a,2021-10-18T14:13:41Z,493
cb997a3c2dfd921be10e4fb61353da4b,655697b42509a75c5749c0568e2d97f7,2021-10-18T14:19:40Z,494
cb997a3c2dfd921be10e4fb61353da4b,5203bf9b53a3b9277dd6daf68d1ba54a,2021-10-18T14:25:16Z,495
6e2da7c6d52556a576a4b4219fecfbdd,5124e374e147342fc9cad88a5a5eec7c,2021-10-18T14:42:36Z,496
1eca8be8c92a3cb35b786b12e2c292d9,8716fac2c87a3cc6d0c998958948133e,2021-10-18T15:05:10Z,497
1b3450a69c3bc7c06a82c40e4ad3e43a,78d3d7b88eb66eec415e03de403002c2,2021-10-18T17:01:07Z,498
cb997a3c2dfd921be10e4fb61353da4b,5203bf9b53a3b9277dd6daf68d1ba54a,2021-10-18T17:24:29Z,499
1b3450a69c3bc7c06a82c40e4ad3e43a,78d3d7b88eb66eec415e03de403002c2,2021-10-18T17:36:59Z,500
